HAGRID,Kingdom,Phylum,Class,Order,Family,Genus,Species,Common_name,Adult_weight_grams,Maximum_longevity_yrs,Specimen_origin,Sample_size,Data_quality,Metabolic_rate_W
149,Animalia,Chordata,Amphibia,Caudata,Plethodontidae,Plethodon,cinereus,Eastern red-backed salamander,0.5,25,wild,medium,acceptable,0.000099
2867,Animalia,Chordata,Mammalia,Soricomorpha,Soricidae,Suncus,etruscus,White-toothed pygmy shrew,2.1,3.2,captivity,small,questionable,0.063
337,Animalia,Chordata,Aves,Apodiformes,Trochilidae,Stellula,calliope,Calliope hummingbird,2.6,7,wild,tiny,acceptable,0.06853
326,Animalia,Chordata,Aves,Apodiformes,Trochilidae,Archilochus,colubris,Ruby-throated hummingbird,3.1,9.1,wild,small,acceptable,0.07832
117,Animalia,Chordata,Amphibia,Caudata,Ambystomatidae,Ambystoma,tigrinum,Tiger salamander,9.402,25,captivity,medium,acceptable,0.00196
2052,Animalia,Chordata,Mammalia,Chiroptera,Vespertilionidae,Myotis,nigricans,Black myotis,4.2,7,wild,medium,acceptable,0.027
335,Animalia,Chordata,Aves,Apodiformes,Trochilidae,Selasphorus,rufus,Rufous hummingbird,3.5,8.9,wild,small,acceptable,0.06853
152,Animalia,Chordata,Amphibia,Caudata,Plethodontidae,Plethodon,glutinosus,Northern slimy salamander,4.2,20.1,captivity,small,acceptable,0.00191
328,Animalia,Chordata,Aves,Apodiformes,Trochilidae,Calypte,anna,Anna's hummingbird,4.4,8.5,wild,tiny,acceptable,0.1175
2058,Animalia,Chordata,Mammalia,Chiroptera,Vespertilionidae,Myotis,yumanensis,Yuma myotis,6.25,14,wild,medium,acceptable,0.047
635,Animalia,Chordata,Aves,Passeriformes,Aegithalidae,Psaltriparus,minimus,Bushtit,5.3,9.1,wild,small,acceptable,0.122375
952,Animalia,Chordata,Aves,Passeriformes,Regulidae,Regulus,regulus,Goldcrest,5.6,7,wild,medium,acceptable,0.184
2048,Animalia,Chordata,Mammalia,Chiroptera,Vespertilionidae,Myotis,lucifugus,Little brown bat,10,34,wild,medium,acceptable,0.051
2850,Animalia,Chordata,Mammalia,Soricomorpha,Soricidae,Cryptotis,parva,Least shrew,4.5,3.5,captivity,medium,acceptable,0.164
2849,Animalia,Chordata,Mammalia,Soricomorpha,Soricidae,Crocidura,suaveolens,Lesser shrew,7.7,2.8,captivity,small,acceptable,0.112
60,Animalia,Chordata,Amphibia,Anura,Hylidae,Hyla,versicolor,Gray treefrog,7.2,7.8,captivity,medium,acceptable,0.00433
910,Animalia,Chordata,Aves,Passeriformes,Parulidae,Setophaga,americana,Northern parula,7.9,7,wild,tiny,acceptable,0.122375
2106,Animalia,Chordata,Mammalia,Dasyuromorphia,Dasyuridae,Planigale,tenuirostris,Narrow-nosed planigale,5.3,5.2,captivity,small,acceptable,0.063
2508,Animalia,Chordata,Mammalia,Rodentia,Cricetidae,Baiomys,taylori,Northern pygmy mouse,8,3.3,captivity,small,acceptable,0.095
2691,Animalia,Chordata,Mammalia,Rodentia,Muridae,Micromys,minutus,Old World harvest mouse,6,3.8,captivity,large,acceptable,0.201
92,Animalia,Chordata,Amphibia,Anura,Ranidae,Lithobates,sylvaticus,Wood frog,7.88,5,unknown,medium,questionable,0.00416
933,Animalia,Chordata,Aves,Passeriformes,Parulidae,Vermivora,cyanoptera,Blue-winged warbler,8.9,9,wild,small,acceptable,0.1505
1974,Animalia,Chordata,Mammalia,Chiroptera,Emballonuridae,Saccopteryx,bilineata,Greater sac-winged bat,7.9,6,wild,medium,acceptable,0.081
2695,Animalia,Chordata,Mammalia,Rodentia,Muridae,Mus,minutoides,Mouse,7.2,4.3,captivity,medium,acceptable,0.129
903,Animalia,Chordata,Aves,Passeriformes,Parulidae,Mniotilta,varia,Black-and-white warbler,10.9,12.2,wild,small,acceptable,0.12727
940,Animalia,Chordata,Aves,Passeriformes,Phylloscopidae,Phylloscopus,collybita,Common chiffchaff and Eurasian chiffchaff,8.3,8,wild,medium,acceptable,0.165
2855,Animalia,Chordata,Mammalia,Soricomorpha,Soricidae,Sorex,araneus,Eurasian shrew,9,3.2,captivity,small,acceptable,0.348
2636,Animalia,Chordata,Mammalia,Rodentia,Heteromyidae,Perognathus,longimembris,Little pocket mouse,8,8.3,captivity,small,acceptable,0.061
634,Animalia,Chordata,Aves,Passeriformes,Aegithalidae,Aegithalos,caudatus,Long-tailed tit,8.6,11.1,wild,medium,acceptable,0.199
983,Animalia,Chordata,Aves,Passeriformes,Troglodytidae,Troglodytes,troglodytes,Winter wren,9.1,7,unknown,medium,acceptable,0.213
897,Animalia,Chordata,Aves,Passeriformes,Parulidae,Leiothlypis,celata,Orange-crowned warbler,9.2,8.6,wild,small,acceptable,0.151745
911,Animalia,Chordata,Aves,Passeriformes,Parulidae,Setophaga,caerulescens,Black-throated blue warbler,10.2,10,wild,small,acceptable,0.18601
1991,Animalia,Chordata,Mammalia,Chiroptera,Phyllostomidae,Glossophaga,soricina,Pallas's long-tongued bat,10,11,captivity,large,acceptable,0.164
918,Animalia,Chordata,Aves,Passeriformes,Parulidae,Setophaga,dominica,Yellow-throated warbler,9.7,6.1,wild,medium,acceptable,0.1604
923,Animalia,Chordata,Aves,Passeriformes,Parulidae,Setophaga,palmarum,Western palm warbler,10.3,6.6,wild,small,acceptable,0.1554
2066,Animalia,Chordata,Mammalia,Chiroptera,Vespertilionidae,Plecotus,auritus,Brown big-eared bat,7.8,30,wild,medium,acceptable,0.082
745,Animalia,Chordata,Aves,Passeriformes,Estrildidae,Lonchura,striata,White-rumped munia,12.3,10,unknown,medium,acceptable,0.21538
879,Animalia,Chordata,Aves,Passeriformes,Paridae,Poecile,atricapillus,Black-capped chickadee,10.4,12.4,wild,large,acceptable,0.252
894,Animalia,Chordata,Aves,Passeriformes,Parulidae,Geothlypis,trichas,Common yellowthroat,9.5,11.5,wild,medium,acceptable,0.17622
970,Animalia,Chordata,Aves,Passeriformes,Sylviidae,Sylvia,curruca,Lesser whitethroat,11.4,9,wild,medium,acceptable,0.199
2105,Animalia,Chordata,Mammalia,Dasyuromorphia,Dasyuridae,Planigale,maculata,Pygmy planigale,10,5.8,captivity,small,acceptable,0.067
942,Animalia,Chordata,Aves,Passeriformes,Phylloscopidae,Phylloscopus,trochilus,Willow warbler,8.7,11.8,wild,medium,acceptable,0.208
626,Animalia,Chordata,Aves,Passeriformes,Acrocephalidae,Acrocephalus,palustris,Marsh warbler,11.5,9.8,wild,medium,acceptable,0.203
2848,Animalia,Chordata,Mammalia,Soricomorpha,Soricidae,Crocidura,russula,White-toothed shrew,11.6,4,captivity,tiny,acceptable,0.143
1978,Animalia,Chordata,Mammalia,Chiroptera,Miniopteridae,Miniopterus,schreibersii,Schreibers's long-fingered bat,13,22,wild,medium,acceptable,0.145
627,Animalia,Chordata,Aves,Passeriformes,Acrocephalidae,Acrocephalus,schoenobaenus,Sedge warbler,11.8,11.8,wild,medium,acceptable,0.218
916,Animalia,Chordata,Aves,Passeriformes,Parulidae,Setophaga,coronata,Yellow-rumped (myrtle) warbler,12,10,wild,medium,acceptable,0.1895
707,Animalia,Chordata,Aves,Passeriformes,Emberizidae,Amphispiza,bilineata,Black-throated sparrow,13.5,6,wild,medium,acceptable,0.1988
855,Animalia,Chordata,Aves,Passeriformes,Muscicapidae,Ficedula,hypoleuca,European pied flycatcher,13.9,15,wild,large,acceptable,0.232
1993,Animalia,Chordata,Mammalia,Chiroptera,Phyllostomidae,Macrotus,californicus,California leaf-nosed bat,11.6,17,captivity,small,acceptable,0.082
2847,Animalia,Chordata,Mammalia,Soricomorpha,Soricidae,Crocidura,leucodon,Bicolored shrew,11,2.9,captivity,small,acceptable,0.166
736,Animalia,Chordata,Aves,Passeriformes,Emberizidae,Spizella,passerina,Chipping sparrow,12.2,11.8,wild,large,acceptable,0.1945
2055,Animalia,Chordata,Mammalia,Chiroptera,Vespertilionidae,Myotis,velifer,Cave myotis,10.1,11.3,wild,medium,acceptable,0.04
915,Animalia,Chordata,Aves,Passeriformes,Parulidae,Setophaga,citrina,Hooded warbler,10.6,8.2,wild,medium,acceptable,0.21538
926,Animalia,Chordata,Aves,Passeriformes,Parulidae,Setophaga,pinus,Pine warbler,11.8,10.2,unknown,medium,acceptable,0.1795
2552,Animalia,Chordata,Mammalia,Rodentia,Cricetidae,Peromyscus,polionotus,Oldfield mouse,14,5.5,captivity,medium,acceptable,0.12
1015,Animalia,Chordata,Aves,Passeriformes,Tyrannidae,Empidonax,virescens,Acadian flycatcher,12.6,12.1,wild,medium,acceptable,0.1795
631,Animalia,Chordata,Aves,Passeriformes,Acrocephalidae,Hippolais,icterina,Icterine warbler,13.2,10.8,wild,medium,acceptable,0.252
111,Animalia,Chordata,Amphibia,Caudata,Ambystomatidae,Ambystoma,maculatum,Spotted salamander,12.84,32,unknown,medium,acceptable,0.005
907,Animalia,Chordata,Aves,Passeriformes,Parulidae,Protonotaria,citrea,Prothonotary warbler,14.3,8.1,wild,small,acceptable,0.1994
779,Animalia,Chordata,Aves,Passeriformes,Fringillidae,Serinus,canaria,House canary,24.3,24,captivity,medium,acceptable,0.230065
1981,Animalia,Chordata,Mammalia,Chiroptera,Molossidae,Tadarida,brasiliensis,Brazilian free-tailed bat,12.5,12,captivity,tiny,acceptable,0.117
2033,Animalia,Chordata,Mammalia,Chiroptera,Vespertilionidae,Eptesicus,fuscus,Big brown bat,23,19,wild,medium,acceptable,0.113
763,Animalia,Chordata,Aves,Passeriformes,Fringillidae,Himatione,sanguinea,Apapane,13.4,11,captivity,small,acceptable,0.3
784,Animalia,Chordata,Aves,Passeriformes,Fringillidae,Spinus,tristis,American goldfinch,12.8,13,unknown,medium,acceptable,0.4108
794,Animalia,Chordata,Aves,Passeriformes,Hirundinidae,Riparia,riparia,Bank swallow,12.7,10,wild,large,acceptable,0.2328
706,Animalia,Chordata,Aves,Passeriformes,Emberizidae,Ammodramus,savannarum,Grasshopper sparrow,17.6,9.1,wild,medium,acceptable,0.1796
1006,Animalia,Chordata,Aves,Passeriformes,Tyrannidae,Contopus,virens,Eastern wood pewee,13.9,8.2,wild,small,acceptable,0.2576
747,Animalia,Chordata,Aves,Passeriformes,Fringillidae,Acanthis,flammea,Common redpoll,14.2,12.2,wild,medium,acceptable,0.2888
781,Animalia,Chordata,Aves,Passeriformes,Fringillidae,Spinus,pinus,Pine siskin,12.7,11,unknown,medium,acceptable,0.3003
2142,Animalia,Chordata,Mammalia,Diprotodontia,Acrobatidae,Acrobates,pygmaeus,Pygmy gliding possum,13,8.8,captivity,large,high,0.084
138,Animalia,Chordata,Amphibia,Caudata,Plethodontidae,Desmognathus,quadramaculatus,Black-bellied salamander,14.34,15,captivity,small,acceptable,0.00411
859,Animalia,Chordata,Aves,Passeriformes,Muscicapidae,Muscicapa,striata,Spotted flycatcher,15.9,11.8,captivity,tiny,acceptable,0.2476
850,Animalia,Chordata,Aves,Passeriformes,Motacillidae,Motacilla,flava,Yellow wagtail,17.7,8.8,wild,medium,acceptable,0.257
721,Animalia,Chordata,Aves,Passeriformes,Emberizidae,Melospiza,georgiana,Swamp sparrow,16.1,7.8,wild,medium,acceptable,0.211
1988,Animalia,Chordata,Mammalia,Chiroptera,Phyllostomidae,Carollia,perspicillata,Seba's short-tailed bat,15,17,captivity,large,high,0.24
2622,Animalia,Chordata,Mammalia,Rodentia,Heteromyidae,Chaetodipus,formosus,Long-tailed pocket mouse,19,7.1,captivity,small,acceptable,0.103
3152,Animalia,Chordata,Reptilia,Squamata,Lacertidae,Lacerta,viridis,European green lizard,21.5,10,unknown,medium,acceptable,0.00337
727,Animalia,Chordata,Aves,Passeriformes,Emberizidae,Passerculus,sandwichensis,Savannah sparrow,20.2,18,captivity,medium,acceptable,0.221
2112,Animalia,Chordata,Mammalia,Dasyuromorphia,Dasyuridae,Sminthopsis,crassicaudata,Fat-tailed dunnart,15,5,captivity,small,acceptable,0.121
2853,Animalia,Chordata,Mammalia,Soricomorpha,Soricidae,Neomys,fodiens,Eurasian water shrew,15,3.1,captivity,small,acceptable,0.328
948,Animalia,Chordata,Aves,Passeriformes,Prunellidae,Prunella,modularis,Hedge sparrow,20.2,20.8,wild,large,acceptable,0.325
937,Animalia,Chordata,Aves,Passeriformes,Passeridae,Passer,montanus,Eurasian tree sparrow,20.5,13.1,wild,medium,acceptable,0.2007
718,Animalia,Chordata,Aves,Passeriformes,Emberizidae,Emberiza,schoeniclus,Reed bunting,18.4,12.2,wild,medium,acceptable,0.3
852,Animalia,Chordata,Aves,Passeriformes,Muscicapidae,Erithacus,rubecula,European robin,17.3,19.3,wild,large,acceptable,0.281
719,Animalia,Chordata,Aves,Passeriformes,Emberizidae,Junco,hyemalis,Dark-eyed junco,19,11.3,wild,large,acceptable,0.2959
790,Animalia,Chordata,Aves,Passeriformes,Hirundinidae,Hirundo,rustica,Barn swallow,18.3,16,unknown,medium,acceptable,0.3158
848,Animalia,Chordata,Aves,Passeriformes,Motacillidae,Motacilla,alba,White wagtail,24.1,13.7,wild,medium,acceptable,0.3
2697,Animalia,Chordata,Mammalia,Rodentia,Muridae,Mus,musculus,House mouse,20.5,4,captivity,large,high,0.271
3206,Animalia,Chordata,Reptilia,Squamata,Teiidae,Cnemidophorus,tigris,Western whiptail,18,7.8,wild,medium,acceptable,0.017
906,Animalia,Chordata,Aves,Passeriformes,Parulidae,Parkesia,noveboracensis,Northern waterthrush,16.3,8.9,wild,small,acceptable,0.28391
844,Animalia,Chordata,Aves,Passeriformes,Motacillidae,Anthus,pratensis,Meadow pipit,18.4,8.8,wild,medium,acceptable,0.3
908,Animalia,Chordata,Aves,Passeriformes,Parulidae,Seiurus,aurocapilla,Ovenbird,18.8,11,wild,medium,acceptable,0.24475
175,Animalia,Chordata,Amphibia,Caudata,Salamandridae,Salamandra,salamandra,European fire salamander,19.1,24,captivity,medium,acceptable,0.00857
723,Animalia,Chordata,Aves,Passeriformes,Emberizidae,Melospiza,melodia,Song sparrow,22.7,11.3,wild,medium,acceptable,0.25
2545,Animalia,Chordata,Mammalia,Rodentia,Cricetidae,Onychomys,torridus,Southern grasshopper mouse,22,4.6,captivity,small,acceptable,0.165
26,Animalia,Chordata,Amphibia,Anura,Bufonidae,Anaxyrus,terrestris,Southern toad,19.267,10,captivity,medium,acceptable,0.00698
2638,Animalia,Chordata,Mammalia,Rodentia,Heteromyidae,Perognathus,parvus,Great Basin pocket mouse,20.1,5.8,captivity,small,acceptable,0.16
2542,Animalia,Chordata,Mammalia,Rodentia,Cricetidae,Ochrotomys,nuttalli,Golden mouse,22,8.4,captivity,small,acceptable,0.151
2621,Animalia,Chordata,Mammalia,Rodentia,Heteromyidae,Chaetodipus,fallax,San Diego pocket mouse,18.7,8.3,captivity,small,acceptable,0.15
847,Animalia,Chordata,Aves,Passeriformes,Motacillidae,Anthus,trivialis,Tree pipit,23.4,8.8,wild,medium,acceptable,0.339
739,Animalia,Chordata,Aves,Passeriformes,Emberizidae,Zonotrichia,albicollis,White-throated sparrow,21.1,14.9,wild,medium,acceptable,0.278
759,Animalia,Chordata,Aves,Passeriformes,Fringillidae,Haemorhous,mexicanus,House finch,21.4,11.6,wild,medium,acceptable,0.3108
2547,Animalia,Chordata,Mammalia,Rodentia,Cricetidae,Peromyscus,crinitus,Canyon mouse,16.5,7.7,captivity,small,acceptable,0.162
2551,Animalia,Chordata,Mammalia,Rodentia,Cricetidae,Peromyscus,maniculatus,Deer mouse,20.5,8.3,captivity,medium,acceptable,0.219
2116,Animalia,Chordata,Mammalia,Dasyuromorphia,Dasyuridae,Sminthopsis,macroura,Stripe-faced dunnart,20,4.9,captivity,small,acceptable,0.128
2844,Animalia,Chordata,Mammalia,Soricomorpha,Soricidae,Blarina,brevicauda,Northern short-tailed shrew,21.6,2.2,captivity,small,acceptable,0.344
756,Animalia,Chordata,Aves,Passeriformes,Fringillidae,Fringilla,coelebs,Chaffinch,20.7,29,captivity,small,acceptable,0.373
757,Animalia,Chordata,Aves,Passeriformes,Fringillidae,Fringilla,montifringilla,Brambling,23.2,14.8,wild,medium,acceptable,0.383
2548,Animalia,Chordata,Mammalia,Rodentia,Cricetidae,Peromyscus,eremicus,Cactus mouse,25,7.4,captivity,medium,acceptable,0.173
1998,Animalia,Chordata,Mammalia,Chiroptera,Phyllostomidae,Sturnira,lilium,Little yellow-shouldered bat,20,12,captivity,small,acceptable,0.237
733,Animalia,Chordata,Aves,Passeriformes,Emberizidae,Pooecetes,gramineus,Vesper sparrow,25.7,7.9,wild,medium,acceptable,0.27412
2533,Animalia,Chordata,Mammalia,Rodentia,Cricetidae,Myodes,glareolus,Bank vole,20.8,4.9,captivity,small,acceptable,0.312
18,Animalia,Chordata,Amphibia,Anura,Bufonidae,Anaxyrus,americanus,American toad,21.7667,36,captivity,medium,acceptable,0.00829
90,Animalia,Chordata,Amphibia,Anura,Ranidae,Lithobates,pipiens,Northern leopard frog,29.0222,9,wild,medium,acceptable,0.00576
751,Animalia,Chordata,Aves,Passeriformes,Fringillidae,Carpodacus,erythrinus,Common rosefinch,24,9,wild,medium,acceptable,0.358
1022,Animalia,Chordata,Aves,Passeriformes,Tyrannidae,Sayornis,phoebe,Eastern phoebe,19.7,10.3,unknown,medium,acceptable,0.3449
1108,Animalia,Chordata,Aves,Piciformes,Picidae,Picoides,pubescens,Downy woodpecker,25.6,11.9,wild,medium,acceptable,0.383
622,Animalia,Chordata,Aves,Passeriformes,Acrocephalidae,Acrocephalus,arundinaceus,Great reed-warbler,30,10.1,wild,medium,acceptable,0.257
1997,Animalia,Chordata,Mammalia,Chiroptera,Phyllostomidae,Platyrrhinus,lineatus,White-lined broad-nosed bat,22,13,captivity,small,acceptable,0.25
2523,Animalia,Chordata,Mammalia,Rodentia,Cricetidae,Microtus,arvalis,Common vole,27.5,4.8,captivity,small,acceptable,0.343
2029,Animalia,Chordata,Mammalia,Chiroptera,Vespertilionidae,Antrozous,pallidus,Pallid bat,20.8,14.8,captivity,small,acceptable,0.104
2550,Animalia,Chordata,Mammalia,Rodentia,Cricetidae,Peromyscus,leucopus,White-footed mouse,23,7.9,captivity,small,acceptable,0.213
2620,Animalia,Chordata,Mammalia,Rodentia,Gliridae,Muscardinus,avellanarius,Hazel dormouse,27.3,5.3,captivity,tiny,acceptable,0.351
2658,Animalia,Chordata,Mammalia,Rodentia,Muridae,Apodemus,sylvaticus,Long-tailed field mouse,23.4,6.3,captivity,medium,acceptable,0.264
968,Animalia,Chordata,Aves,Passeriformes,Sylviidae,Sylvia,borin,Garden warbler,24.6,24,captivity,small,acceptable,0.416
2530,Animalia,Chordata,Mammalia,Rodentia,Cricetidae,Microtus,pinetorum,Woodland vole,25.5,3.8,captivity,small,acceptable,0.305
2056,Animalia,Chordata,Mammalia,Chiroptera,Vespertilionidae,Myotis,vivesi,Fish-eating bat,25,10,unknown,medium,acceptable,0.199
2089,Animalia,Chordata,Mammalia,Dasyuromorphia,Dasyuridae,Antechinus,stuartii,Brown antechinus,27.5,5.4,captivity,small,acceptable,0.189
2522,Animalia,Chordata,Mammalia,Rodentia,Cricetidae,Microtus,agrestis,Field vole,46,4.8,captivity,small,acceptable,0.367
1262,Animalia,Chordata,Aves,Psittaciformes,Psittacidae,Melopsittacus,undulatus,Budgerigar,30,21,captivity,large,high,0.3035
639,Animalia,Chordata,Aves,Passeriformes,Alaudidae,Lullula,arborea,Wood lark,26.9,6,wild,medium,acceptable,0.572
2083,Animalia,Chordata,Mammalia,Dasyuromorphia,Dasyuridae,Antechinomys,laniger,Kultarr,24,3.5,captivity,small,acceptable,0.141
637,Animalia,Chordata,Aves,Passeriformes,Alaudidae,Eremophila,alpestris,Horned lark,33.5,8,wild,medium,acceptable,0.3133
741,Animalia,Chordata,Aves,Passeriformes,Emberizidae,Zonotrichia,leucophrys,White-crowned sparrow,25.82,13.3,wild,large,acceptable,0.336
2594,Animalia,Chordata,Mammalia,Rodentia,Dipodidae,Zapus,hudsonius,Meadow jumping mouse,18,5.6,captivity,small,acceptable,0.219
715,Animalia,Chordata,Aves,Passeriformes,Emberizidae,Emberiza,citrinella,Yellowhammer,29.7,13.2,wild,medium,acceptable,0.436
716,Animalia,Chordata,Aves,Passeriformes,Emberizidae,Emberiza,hortulana,Ortolan bunting,19.9,6.8,wild,medium,acceptable,0.407
820,Animalia,Chordata,Aves,Passeriformes,Laniidae,Lanius,collurio,Red-backed shrike,28.4,10.1,wild,medium,acceptable,0.383
758,Animalia,Chordata,Aves,Passeriformes,Fringillidae,Haemorhous,cassinii,Cassin's finch,27.5,7,wild,medium,acceptable,0.339
992,Animalia,Chordata,Aves,Passeriformes,Turdidae,Sialia,mexicana,Western bluebird,26.5,8.7,wild,medium,acceptable,0.423
2655,Animalia,Chordata,Mammalia,Rodentia,Muridae,Apodemus,flavicollis,Yellow-necked mouse,29.4,4.5,captivity,small,acceptable,0.365
1989,Animalia,Chordata,Mammalia,Chiroptera,Phyllostomidae,Desmodus,rotundus,Vampire bat,33.2,29.2,captivity,medium,acceptable,0.194
2669,Animalia,Chordata,Mammalia,Rodentia,Muridae,Gerbillus,gerbillus,Lesser Egyptian gerbil,30,5.9,captivity,small,acceptable,0.237
2670,Animalia,Chordata,Mammalia,Rodentia,Muridae,Gerbillus,nanus,Baluchistan gerbil,18.5,4.5,captivity,small,questionable,0.129
770,Animalia,Chordata,Aves,Passeriformes,Fringillidae,Loxia,leucoptera,White-winged crossbill,28.9,4,captivity,small,questionable,0.46992
3194,Animalia,Chordata,Reptilia,Squamata,Scincidae,Eumeces,obsoletus,Great Plains skink,30,7.3,captivity,small,acceptable,0.0206
2559,Animalia,Chordata,Mammalia,Rodentia,Cricetidae,Podomys,floridanus,Florida mouse,32,7.4,captivity,small,acceptable,0.288
2557,Animalia,Chordata,Mammalia,Rodentia,Cricetidae,Phodopus,sungorus,Dzhungarian hamster,23.4,3.9,captivity,medium,acceptable,0.313
2922,Animalia,Chordata,Reptilia,Squamata,Anguidae,Elgaria,multicarinata,Southern alligator lizard,31.5,9.8,captivity,small,acceptable,0.0132
636,Animalia,Chordata,Aves,Passeriformes,Alaudidae,Alauda,arvensis,Eurasian skylark,37.5,10.1,wild,medium,acceptable,0.722
2699,Animalia,Chordata,Mammalia,Rodentia,Muridae,Notomys,alexis,Spinifex hopping mouse,35,6.4,captivity,medium,acceptable,0.252
2553,Animalia,Chordata,Mammalia,Rodentia,Cricetidae,Peromyscus,truei,Pinyon mouse,25,5.4,captivity,small,acceptable,0.307
2846,Animalia,Chordata,Mammalia,Soricomorpha,Soricidae,Crocidura,flavescens,Greater red musk shrew,45,2.2,captivity,small,acceptable,0.248
742,Animalia,Chordata,Aves,Passeriformes,Emberizidae,Zonotrichia,querula,Harris's sparrow,33.1,11.7,wild,medium,acceptable,0.4552
1995,Animalia,Chordata,Mammalia,Chiroptera,Phyllostomidae,Phyllostomus,discolor,Pale spear-nosed bat,43.4,9,wild,medium,acceptable,0.267
1018,Animalia,Chordata,Aves,Passeriformes,Tyrannidae,Myiarchus,crinitus,Great crested flycatcher,32.1,14.9,wild,small,acceptable,0.384
523,Animalia,Chordata,Aves,Coraciiformes,Alcedinidae,Alcedo,atthis,Common kingfisher,31.4,21,wild,medium,acceptable,0.378
2483,Animalia,Chordata,Mammalia,Rodentia,Bathyergidae,Heterocephalus,glaber,Naked mole-rat,35,31,captivity,large,high,0.128
1024,Animalia,Chordata,Aves,Passeriformes,Tyrannidae,Tyrannus,tyrannus,Eastern kingbird,39.9,11.1,wild,small,acceptable,0.4372
370,Animalia,Chordata,Aves,Charadriiformes,Charadriidae,Charadrius,dubius,Little ringed plover,38.7,13,wild,medium,acceptable,0.416
1999,Animalia,Chordata,Mammalia,Chiroptera,Pteropodidae,Cynopterus,brachyotis,Lesser short-nosed fruit bat,45,10.1,captivity,medium,acceptable,0.262
807,Animalia,Chordata,Aves,Passeriformes,Icteridae,Icterus,galbula,Baltimore oriole,32.9,14,unknown,medium,acceptable,0.5052
2627,Animalia,Chordata,Mammalia,Rodentia,Heteromyidae,Dipodomys,merriami,Merriam's kangaroo rat,42,9.7,captivity,medium,acceptable,0.246
2618,Animalia,Chordata,Mammalia,Rodentia,Gliridae,Graphiurus,murinus,Woodland dormouse,24,6.9,captivity,medium,acceptable,0.225
2252,Animalia,Chordata,Mammalia,Macroscelidea,Macroscelididae,Macroscelides,proboscideus,Short-eared elephant shrew,40,8.7,captivity,medium,acceptable,0.292
769,Animalia,Chordata,Aves,Passeriformes,Fringillidae,Loxia,curvirostra,Red crossbill,39.5,16.1,wild,small,acceptable,0.607
2719,Animalia,Chordata,Mammalia,Rodentia,Muridae,Rhabdomys,pumilio,Four-striped grass mouse,51,4.5,captivity,medium,acceptable,0.179
2868,Animalia,Chordata,Mammalia,Soricomorpha,Soricidae,Suncus,murinus,Asian house shrew,45.9,3.2,captivity,small,acceptable,0.403
2517,Animalia,Chordata,Mammalia,Rodentia,Cricetidae,Lasiopodomys,brandtii,Brandt's vole,40,4.1,captivity,small,acceptable,0.428
646,Animalia,Chordata,Aves,Passeriformes,Cardinalidae,Cardinalis,cardinalis,Northern cardinal,42.6,28.5,unknown,medium,acceptable,0.5163
2648,Animalia,Chordata,Mammalia,Rodentia,Muridae,Acomys,cahirinus,Spiny mouse,45.2,5.9,captivity,large,high,0.258
813,Animalia,Chordata,Aves,Passeriformes,Icteridae,Molothrus,ater,Brown-headed cowbird,38.1,16.9,wild,medium,acceptable,0.6315
2108,Animalia,Chordata,Mammalia,Dasyuromorphia,Dasyuridae,Pseudantechinus,macdonnellensis,Fat-tailed marsupial mouse,32.5,7,captivity,small,acceptable,0.152
726,Animalia,Chordata,Aves,Passeriformes,Emberizidae,Melozone,fusca,Canyon towhee,44.4,12.8,wild,small,acceptable,0.670615
2525,Animalia,Chordata,Mammalia,Rodentia,Cricetidae,Microtus,guentheri,Vole,51.6,3.9,captivity,small,acceptable,0.447
1546,Animalia,Chordata,Mammalia,Afrosoricida,Tenrecidae,Microgale,talazaci,Talazac's shrew tenrec,50,5.8,captivity,small,acceptable,0.243
2144,Animalia,Chordata,Mammalia,Diprotodontia,Burramyidae,Burramys,parvus,Mountain pygmy possum,45,12,unknown,medium,acceptable,0.205
1545,Animalia,Chordata,Mammalia,Afrosoricida,Tenrecidae,Microgale,dobsoni,Dobson's shrew tenrec,37.8,5.6,captivity,small,acceptable,0.315
318,Animalia,Chordata,Aves,Apodiformes,Apodidae,Apus,apus,Common swift,37.6,21.1,wild,medium,acceptable,0.4372
1351,Animalia,Chordata,Aves,Strigiformes,Strigidae,Micrathene,whitneyi,Elf owl,41,14,captivity,small,acceptable,0.259435
1986,Animalia,Chordata,Mammalia,Chiroptera,Phyllostomidae,Artibeus,jamaicensis,Jamaican fruit-eating bat,42.2,19.2,captivity,large,acceptable,0.359
2086,Animalia,Chordata,Mammalia,Dasyuromorphia,Dasyuridae,Antechinus,flavipes,Yellow-footed antechinus,45,3.9,captivity,small,acceptable,0.252
2249,Animalia,Chordata,Mammalia,Macroscelidea,Macroscelididae,Elephantulus,intufi,Long-eared elephant shrew,52,9.3,captivity,small,acceptable,0.29
724,Animalia,Chordata,Aves,Passeriformes,Emberizidae,Melozone,aberti,Abert's towhee,46,8.6,wild,medium,acceptable,0.73425
2546,Animalia,Chordata,Mammalia,Rodentia,Cricetidae,Peromyscus,californicus,California mouse,42,5.5,captivity,small,acceptable,0.267
2629,Animalia,Chordata,Mammalia,Rodentia,Heteromyidae,Dipodomys,ordii,Ord's kangaroo rat,57,9.9,captivity,small,acceptable,0.339
2527,Animalia,Chordata,Mammalia,Rodentia,Cricetidae,Microtus,ochrogaster,Prairie vole,40,5.3,captivity,small,acceptable,0.41
2250,Animalia,Chordata,Mammalia,Macroscelidea,Macroscelididae,Elephantulus,rozeti,North African elephant shrew,48,7.2,captivity,small,acceptable,0.288
2869,Animalia,Chordata,Mammalia,Soricomorpha,Talpidae,Condylura,cristata,Star-nosed mole,55.3,2.5,captivity,small,acceptable,0.615
2813,Animalia,Chordata,Mammalia,Rodentia,Sciuridae,Tamias,minimus,Least chipmunk,44.1,10,captivity,small,acceptable,0.349
88,Animalia,Chordata,Amphibia,Anura,Ranidae,Lithobates,catesbeianus,American bullfrog,54.4,16,captivity,medium,acceptable,0.0134
2251,Animalia,Chordata,Mammalia,Macroscelidea,Macroscelididae,Elephantulus,rufescens,Rufous elephant shrew,58,7.9,captivity,small,acceptable,0.317
762,Animalia,Chordata,Aves,Passeriformes,Fringillidae,Hesperiphona,vespertina,Evening grosbeak,54.9,17,unknown,medium,acceptable,0.7294
2671,Animalia,Chordata,Mammalia,Rodentia,Muridae,Gerbillus,perpallidus,Pale gerbil,50,5.5,captivity,medium,acceptable,0.261
2511,Animalia,Chordata,Mammalia,Rodentia,Cricetidae,Dicrostonyx,groenlandicus,Collared lemming,66,3.3,unknown,medium,acceptable,0.459
995,Animalia,Chordata,Aves,Passeriformes,Turdidae,Turdus,iliacus,Redwing,61.2,18.8,wild,medium,acceptable,0.722
1984,Animalia,Chordata,Mammalia,Chiroptera,Noctilionidae,Noctilio,leporinus,Greater bulldog bat,50,11.8,captivity,medium,acceptable,0.4
2418,Animalia,Chordata,Mammalia,Primates,Galagidae,Galagoides,demidoff,Demidoff's galago,60,13.4,captivity,small,acceptable,0.372
2690,Animalia,Chordata,Mammalia,Rodentia,Muridae,Micaelamys,namaquensis,Rock mouse,47.6,4.7,captivity,small,acceptable,0.292
998,Animalia,Chordata,Aves,Passeriformes,Turdidae,Turdus,philomelos,Song thrush,67.8,17.7,wild,medium,acceptable,0.726
2763,Animalia,Chordata,Mammalia,Rodentia,Sciuridae,Funisciurus,anerythrus,Thomas's rope squirrel,218,10,captivity,small,acceptable,0.58
2626,Animalia,Chordata,Mammalia,Rodentia,Heteromyidae,Dipodomys,heermanni,Heermann's kangaroo rat,65,8.3,captivity,small,acceptable,0.408
85,Animalia,Chordata,Amphibia,Anura,Pipidae,Xenopus,laevis,African clawed frog,130,30.3,captivity,large,acceptable,0.012
2721,Animalia,Chordata,Mammalia,Rodentia,Muridae,Sekeetamys,calurus,Bushy-tailed jird,65,7.3,captivity,medium,acceptable,0.274
2146,Animalia,Chordata,Mammalia,Diprotodontia,Burramyidae,Cercartetus,nanus,Eastern pygmy possum,40,10.3,captivity,small,acceptable,0.311
2686,Animalia,Chordata,Mammalia,Rodentia,Muridae,Meriones,unguiculatus,Mongolian jird,53.2,6.3,captivity,medium,acceptable,0.546
2090,Animalia,Chordata,Mammalia,Dasyuromorphia,Dasyuridae,Antechinus,swainsonii,Dusky antechinus,41,3.3,captivity,small,acceptable,0.351
2768,Animalia,Chordata,Mammalia,Rodentia,Sciuridae,Glaucomys,volans,Southern flying squirrel,65.4,19,captivity,medium,acceptable,0.414
2738,Animalia,Chordata,Mammalia,Rodentia,Nesomyidae,Saccostomus,campestris,Pouched mouse,47.4,4.5,captivity,small,acceptable,0.274
3141,Animalia,Chordata,Reptilia,Squamata,Iguanidae,Dipsosaurus,dorsalis,Desert iguana,69.5,14.6,captivity,medium,acceptable,0.0441
2665,Animalia,Chordata,Mammalia,Rodentia,Muridae,Desmodillus,auricularis,Cape short-eared gerbil,54.5,6.1,captivity,small,acceptable,0.49
348,Animalia,Chordata,Aves,Caprimulgiformes,Caprimulgidae,Chordeiles,minor,Common nighthawk,79.3,10,wild,small,acceptable,0.4421
821,Animalia,Chordata,Aves,Passeriformes,Laniidae,Lanius,excubitor,Northern shrike,63.5,12,unknown,medium,acceptable,0.8161
641,Animalia,Chordata,Aves,Passeriformes,Bombycillidae,Bombycilla,garrulus,Bohemian waxwing,54.5,13.5,wild,medium,acceptable,0.9566
1104,Animalia,Chordata,Aves,Piciformes,Picidae,Melanerpes,formicivorus,Acorn woodpecker,79.7,17.2,wild,medium,acceptable,0.737
965,Animalia,Chordata,Aves,Passeriformes,Sturnidae,Sturnus,vulgaris,European starling,74,22.9,wild,large,acceptable,0.877
2590,Animalia,Chordata,Mammalia,Rodentia,Dipodidae,Jaculus,jaculus,Lesser Egyptian jerboa,55,7.3,captivity,medium,acceptable,0.515
2715,Animalia,Chordata,Mammalia,Rodentia,Muridae,Rattus,fuscipes,Bush rat,130,5.3,captivity,small,acceptable,0.471
2560,Animalia,Chordata,Mammalia,Rodentia,Cricetidae,Reithrodon,auritus,Bunny or coney rat,72.2,5.5,captivity,small,acceptable,0.428
2479,Animalia,Chordata,Mammalia,Rodentia,Bathyergidae,Cryptomys,hottentotus,African mole rat,132.5,11,captivity,small,questionable,0.35
2518,Animalia,Chordata,Mammalia,Rodentia,Cricetidae,Lemmus,lemmus,Norway lemming,70,3.3,captivity,small,acceptable,1.071
1263,Animalia,Chordata,Aves,Psittaciformes,Psittacidae,Myiopsitta,monachus,Monk parakeet,81.7,22.1,captivity,large,acceptable,0.5189
1996,Animalia,Chordata,Mammalia,Chiroptera,Phyllostomidae,Phyllostomus,hastatus,Greater spear-nosed bat,81,18,wild,medium,acceptable,0.559
2723,Animalia,Chordata,Mammalia,Rodentia,Muridae,Tatera,indica,Indian gerbil,146.7,7,captivity,small,acceptable,0.422
1140,Animalia,Chordata,Aves,Procellariiformes,Procellariidae,Bulweria,bulwerii,Bulwer's petrel,99,22.9,wild,small,acceptable,0.513975
2818,Animalia,Chordata,Mammalia,Rodentia,Sciuridae,Tamias,striatus,Eastern chipmunk,96,9.5,captivity,small,acceptable,0.813
439,Animalia,Chordata,Aves,Charadriiformes,Scolopacidae,Arenaria,interpres,Ruddy turnstone,136,22.3,wild,medium,acceptable,0.92
2091,Animalia,Chordata,Mammalia,Dasyuromorphia,Dasyuridae,Dasycercus,cristicauda,Mulgara,115,7.4,captivity,small,acceptable,0.26
2138,Animalia,Chordata,Mammalia,Didelphimorphia,Didelphidae,Monodelphis,brevicaudata,Short bare-tailed opossum,90,3.9,captivity,tiny,acceptable,0.366
2737,Animalia,Chordata,Mammalia,Rodentia,Nesomyidae,Mystromys,albicaudatus,White-tailed mouse,106,6.3,captivity,small,acceptable,0.707
2747,Animalia,Chordata,Mammalia,Rodentia,Sciuridae,Ammospermophilus,leucurus,White-tailed antelope squirrel,105,11.2,captivity,small,acceptable,0.511
3006,Animalia,Chordata,Reptilia,Squamata,Colubridae,Natrix,natrix,Grass snake,96.25,20,captivity,medium,acceptable,0.0295
2507,Animalia,Chordata,Mammalia,Rodentia,Cricetidae,Arvicola,amphibius,European water vole,120,2.5,captivity,tiny,acceptable,0.613
575,Animalia,Chordata,Aves,Galliformes,Phasianidae,Coturnix,coturnix,Common quail,96.5,14.6,wild,medium,acceptable,0.891
393,Animalia,Chordata,Aves,Charadriiformes,Laridae,Gygis,alba,Fairy tern,98.1,35.9,wild,medium,acceptable,0.82236
2093,Animalia,Chordata,Mammalia,Dasyuromorphia,Dasyuridae,Dasyuroides,byrnei,Kowari,105,8,captivity,small,acceptable,0.439
2139,Animalia,Chordata,Mammalia,Didelphimorphia,Didelphidae,Monodelphis,domestica,Gray short-tailed opossum,105,5.1,captivity,medium,acceptable,0.335
36,Animalia,Chordata,Amphibia,Anura,Bufonidae,Rhinella,marina,Cane toad,106.25,24.8,captivity,large,acceptable,0.0303
2625,Animalia,Chordata,Mammalia,Rodentia,Heteromyidae,Dipodomys,deserti,Desert kangaroo rat,116,8.6,captivity,small,acceptable,0.517
2667,Animalia,Chordata,Mammalia,Rodentia,Muridae,Gerbilliscus,afra,Cape gerbil,74.8,5.7,captivity,small,acceptable,1.016
2520,Animalia,Chordata,Mammalia,Rodentia,Cricetidae,Mesocricetus,auratus,Golden hamster,105,3.9,captivity,medium,acceptable,0.69
2672,Animalia,Chordata,Mammalia,Rodentia,Muridae,Gerbillus,pyramidum,Greater Egyptian gerbil,37,8.2,captivity,small,acceptable,0.454
2245,Animalia,Chordata,Mammalia,Lagomorpha,Ochotonidae,Ochotona,princeps,American pika,100,7,captivity,small,acceptable,0.932
2716,Animalia,Chordata,Mammalia,Rodentia,Muridae,Rattus,lutreolus,Australian swamp rat,115,4.4,captivity,small,acceptable,0.353
961,Animalia,Chordata,Aves,Passeriformes,Sturnidae,Acridotheres,cristatellus,Crested myna,116.5,13,captivity,small,acceptable,1.2092
2321,Animalia,Chordata,Mammalia,Primates,Callitrichidae,Cebuella,pygmaea,Pygmy marmoset,124,18.6,captivity,large,high,0.599
538,Animalia,Chordata,Aves,Cuculiformes,Cuculidae,Cuculus,canorus,Common cuckoo and Eurasian cuckoo,111.5,12.9,wild,medium,acceptable,0.838
2539,Animalia,Chordata,Mammalia,Rodentia,Cricetidae,Neotoma,lepida,Desert woodrat,236,10.5,captivity,small,acceptable,0.46
2470,Animalia,Chordata,Mammalia,Primates,Tarsiidae,Carlito,syrichta,Philippine tarsier,119.2,16,captivity,tiny,acceptable,0.43
1542,Animalia,Chordata,Mammalia,Afrosoricida,Tenrecidae,Echinops,telfairi,Lesser hedgehog tenrec,180,19,captivity,medium,acceptable,0.75
1544,Animalia,Chordata,Mammalia,Afrosoricida,Tenrecidae,Hemicentetes,semispinosus,Streaked tenrec,180,2.7,captivity,small,questionable,0.38
2718,Animalia,Chordata,Mammalia,Rodentia,Muridae,Rattus,rattus,Rat,200,4.2,captivity,large,acceptable,0.77
2134,Animalia,Chordata,Mammalia,Didelphimorphia,Didelphidae,Marmosa,robinsoni,Robinson's mouse opossum,75,5,captivity,small,acceptable,0.547
522,Animalia,Chordata,Aves,Columbiformes,Columbidae,Zenaida,macroura,Mourning dove,119,31.3,wild,large,acceptable,0.736
2835,Animalia,Chordata,Mammalia,Scandentia,Tupaiidae,Tupaia,glis,Common tree shrew,200,12.4,captivity,medium,acceptable,0.522
1339,Animalia,Chordata,Aves,Strigiformes,Strigidae,Aegolius,acadicus,Northern saw-whet owl,117.9,17.5,unknown,medium,acceptable,0.654
2825,Animalia,Chordata,Mammalia,Rodentia,Sciuridae,Xerospermophilus,tereticaudus,Round-tailed ground squirrel,163.3,8.9,captivity,tiny,acceptable,0.501
1846,Animalia,Chordata,Mammalia,Carnivora,Mustelidae,Mustela,erminea,Ermine,110.3,12.5,captivity,small,acceptable,1.276
1976,Animalia,Chordata,Mammalia,Chiroptera,Megadermatidae,Macroderma,gigas,Australian false vampire bat,150,22.6,captivity,small,acceptable,0.639
567,Animalia,Chordata,Aves,Galliformes,Odontophoridae,Callipepla,gambelii,Gambel's quail,166,7.4,wild,medium,acceptable,0.755
2742,Animalia,Chordata,Mammalia,Rodentia,Octodontidae,Spalacopus,cyanus,Coruro,98,10.8,captivity,small,acceptable,0.561
2189,Animalia,Chordata,Mammalia,Diprotodontia,Petauridae,Petaurus,breviceps,Sugar glider,110,17.8,captivity,large,high,0.517
512,Animalia,Chordata,Aves,Columbiformes,Columbidae,Leptotila,verreauxi,White-tipped dove,147.5,8.6,wild,small,acceptable,0.8884
2478,Animalia,Chordata,Mammalia,Rodentia,Bathyergidae,Cryptomys,damarensis,Damaraland mole-rat,180,15.5,captivity,medium,acceptable,0.418
2830,Animalia,Chordata,Mammalia,Rodentia,Spalacidae,Spalax,ehrenbergi,Palestine mole rat,160,20.2,captivity,small,acceptable,0.585
192,Animalia,Chordata,Aves,Accipitriformes,Accipitridae,Accipiter,nisus,Eurasian sparrowhawk,237.5,20.2,wild,medium,acceptable,0.9516
1203,Animalia,Chordata,Aves,Psittaciformes,Psittacidae,Barnardius,zonarius,Port Lincoln ringneck,150,17.9,captivity,small,acceptable,0.718
388,Animalia,Chordata,Aves,Charadriiformes,Laridae,Anous,stolidus,Noddy tern,178,26.2,wild,medium,acceptable,0.788095
2591,Animalia,Chordata,Mammalia,Rodentia,Dipodidae,Jaculus,orientalis,Greater Egyptian jerboa,134,5.5,captivity,small,acceptable,0.775
2610,Animalia,Chordata,Mammalia,Rodentia,Geomyidae,Thomomys,bottae,Botta's pocket gopher,115.5,6.1,captivity,small,acceptable,0.67
2022,Animalia,Chordata,Mammalia,Chiroptera,Pteropodidae,Rousettus,aegyptiacus,Egyptian rousette,125,22.9,wild,large,acceptable,0.684
689,Animalia,Chordata,Aves,Passeriformes,Corvidae,Nucifraga,caryocatactes,Spotted nutcracker,183,16.2,wild,medium,acceptable,1.346
694,Animalia,Chordata,Aves,Passeriformes,Corvidae,Pica,nuttalli,Yellow-billed magpie,159,10,wild,medium,questionable,1.471
687,Animalia,Chordata,Aves,Passeriformes,Corvidae,Garrulus,glandarius,Eurasian jay,159.7,17.9,wild,medium,acceptable,1.39997
2102,Animalia,Chordata,Mammalia,Dasyuromorphia,Dasyuridae,Phascogale,tapoatafa,Brush-tailed phascogale,193.5,5.9,captivity,small,acceptable,0.694
519,Animalia,Chordata,Aves,Columbiformes,Columbidae,Streptopelia,turtur,European turtle-dove,132,13.2,wild,medium,acceptable,1.138
470,Animalia,Chordata,Aves,Charadriiformes,Scolopacidae,Scolopax,minor,American woodcock,197.5,20.9,wild,large,acceptable,1.066
693,Animalia,Chordata,Aves,Passeriformes,Corvidae,Pica,hudsonia,Black-billed magpie,177,20,captivity,medium,acceptable,1.196
2565,Animalia,Chordata,Mammalia,Rodentia,Cricetidae,Sigmodon,hispidus,Hispid cotton rat,185,5.2,captivity,medium,acceptable,1.085
1349,Animalia,Chordata,Aves,Strigiformes,Strigidae,Megascops,asio,Eastern screech-owl,164.1,20.7,unknown,medium,acceptable,0.586
2187,Animalia,Chordata,Mammalia,Diprotodontia,Petauridae,Gymnobelideus,leadbeateri,Leadbeater's possum,127,14.1,captivity,tiny,acceptable,0.574
2416,Animalia,Chordata,Mammalia,Primates,Galagidae,Galago,moholi,South African galago,169.2,16.6,captivity,medium,acceptable,0.285
2417,Animalia,Chordata,Mammalia,Primates,Galagidae,Galago,senegalensis,Senegal galago,192.2,17.1,captivity,medium,acceptable,0.764
2617,Animalia,Chordata,Mammalia,Rodentia,Gliridae,Glis,glis,Fat dormouse,125,8.7,captivity,small,acceptable,0.664
2536,Animalia,Chordata,Mammalia,Rodentia,Cricetidae,Neotoma,albigula,White-throated woodrat,209,9.5,captivity,small,acceptable,0.735
2318,Animalia,Chordata,Mammalia,Primates,Callitrichidae,Callithrix,jacchus,White-tufted-ear marmoset,255.2,22.8,captivity,large,high,0.848
2481,Animalia,Chordata,Mammalia,Rodentia,Bathyergidae,Georychus,capensis,Cape mole-rat,181,11.2,captivity,tiny,questionable,0.637
2017,Animalia,Chordata,Mammalia,Chiroptera,Pteropodidae,Pteropus,pumilus,Little golden-mantled flying fox,200,17.2,captivity,medium,acceptable,0.705
2608,Animalia,Chordata,Mammalia,Rodentia,Geomyidae,Geomys,bursarius,Plains pocket gopher,176.7,12,captivity,small,acceptable,0.769
2770,Animalia,Chordata,Mammalia,Rodentia,Sciuridae,Ictidomys,tridecemlineatus,Thirteen-lined ground squirrel,172.7,7.9,captivity,small,acceptable,0.983
119,Animalia,Chordata,Amphibia,Caudata,Amphiumidae,Amphiuma,means,Two-toed amphiuma,200.967,27,captivity,small,acceptable,0.00904
2740,Animalia,Chordata,Mammalia,Rodentia,Octodontidae,Octodon,degus,Degu,235,14,captivity,large,acceptable,0.958
2454,Animalia,Chordata,Mammalia,Primates,Lorisidae,Arctocebus,calabarensis,Calabar angwantibo,257.5,13,captivity,small,acceptable,0.731
2717,Animalia,Chordata,Mammalia,Rodentia,Muridae,Rattus,norvegicus,Norway rat,300,3.8,captivity,large,acceptable,1.404
556,Animalia,Chordata,Aves,Falconiformes,Falconidae,Falco,subbuteo,Eurasian hobby,209.5,14.9,wild,medium,acceptable,1.3014
2662,Animalia,Chordata,Mammalia,Rodentia,Muridae,Conilurus,penicillatus,Brush-tailed rabbit rat,144,4.5,captivity,small,acceptable,0.908
2820,Animalia,Chordata,Mammalia,Rodentia,Sciuridae,Tamiasciurus,hudsonicus,Red squirrel,200,9.8,captivity,tiny,acceptable,1.615
1848,Animalia,Chordata,Mammalia,Carnivora,Mustelidae,Mustela,frenata,Long-tailed weasel,150.6,8.8,captivity,tiny,acceptable,1.344
2330,Animalia,Chordata,Mammalia,Primates,Callitrichidae,Saguinus,geoffroyi,Geoffroy's tamarin,499.3,20.5,captivity,medium,acceptable,1.305
2769,Animalia,Chordata,Mammalia,Rodentia,Sciuridae,Heliosciurus,rufobrachium,Red-legged sun squirrel,326.5,8.7,captivity,small,acceptable,0.744
2806,Animalia,Chordata,Mammalia,Rodentia,Sciuridae,Spermophilus,citellus,European ground squirrel,217,6.7,captivity,medium,acceptable,1.272
2824,Animalia,Chordata,Mammalia,Rodentia,Sciuridae,Xerospermophilus,mohavensis,Mohave ground squirrel,150,7.8,captivity,small,acceptable,0.629
3345,Animalia,Chordata,Reptilia,Testudines,Emydidae,Trachemys,scripta,Common slider,240,41.3,captivity,large,acceptable,0.1157
2756,Animalia,Chordata,Mammalia,Rodentia,Sciuridae,Callospermophilus,lateralis,Golden-mantled ground squirrel,157.6,10.4,captivity,small,acceptable,0.967
257,Animalia,Chordata,Aves,Anseriformes,Anatidae,Anas,crecca,Green-winged teal,343.8,27.1,wild,medium,acceptable,1.68388
1342,Animalia,Chordata,Aves,Strigiformes,Strigidae,Asio,otus,Long-eared owl,249.7,27.8,wild,small,acceptable,0.954
2018,Animalia,Chordata,Mammalia,Chiroptera,Pteropodidae,Pteropus,rodricensis,Rodriguez flying fox,350,28,captivity,large,acceptable,0.753
2838,Animalia,Chordata,Mammalia,Scandentia,Tupaiidae,Urogale,everetti,Mindanao tree shrew,350,11.5,captivity,small,acceptable,1.25
1241,Animalia,Chordata,Aves,Psittaciformes,Psittacidae,Eolophus,roseicapilla,Galah,300,40,captivity,large,acceptable,1.248
2455,Animalia,Chordata,Mammalia,Primates,Lorisidae,Loris,tardigradus,Slender loris,238.2,21.6,captivity,small,acceptable,0.714
539,Animalia,Chordata,Aves,Cuculiformes,Cuculidae,Geococcyx,californianus,Greater roadrunner,376,9,captivity,medium,acceptable,1.4661
2409,Animalia,Chordata,Mammalia,Primates,Cheirogaleidae,Cheirogaleus,medius,Fat-tailed dwarf lemur,380,29,captivity,medium,acceptable,1.088
2001,Animalia,Chordata,Mammalia,Chiroptera,Pteropodidae,Dobsonia,moluccensis,Moluccan naked-backed fruit bat,430,12.3,captivity,small,acceptable,1.411
2496,Animalia,Chordata,Mammalia,Rodentia,Caviidae,Galea,musteloides,Common yellow-toothed cavy,337.9,3.5,captivity,small,acceptable,1.473
2602,Animalia,Chordata,Mammalia,Rodentia,Echimyidae,Thrichomys,apereoides,Brazilian spiny rat,373.5,7,captivity,small,acceptable,1.153
2136,Animalia,Chordata,Mammalia,Didelphimorphia,Didelphidae,Metachirus,nudicaudatus,Brown four-eyed opossum,440,3,captivity,small,acceptable,1.144
2122,Animalia,Chordata,Mammalia,Didelphimorphia,Didelphidae,Caluromys,derbianus,Central American woolly opossum,330,8.7,captivity,small,acceptable,1.194
2828,Animalia,Chordata,Mammalia,Rodentia,Spalacidae,Cannomys,badius,Lesser bamboo rat,650,4.8,captivity,small,acceptable,0.96
123,Animalia,Chordata,Amphibia,Caudata,Cryptobranchidae,Cryptobranchus,alleganiensis,Hellbender,358.1,29,wild,medium,acceptable,0.0253
2019,Animalia,Chordata,Mammalia,Chiroptera,Pteropodidae,Pteropus,scapulatus,Little red flying fox,300,15.8,captivity,small,acceptable,1.353
2510,Animalia,Chordata,Mammalia,Rodentia,Cricetidae,Cricetus,cricetus,Black-bellied hamster,506.7,3.6,captivity,small,acceptable,1.251
680,Animalia,Chordata,Aves,Passeriformes,Corvidae,Corvus,frugilegus,Rook,453.5,22.9,wild,medium,acceptable,2.6433
2221,Animalia,Chordata,Mammalia,Erinaceomorpha,Erinaceidae,Hemiechinus,auritus,Long-eared hedgehog,342,7.6,captivity,small,acceptable,0.845
3322,Animalia,Chordata,Reptilia,Testudines,Emydidae,Chrysemys,picta,Painted turtle,371.8,61,wild,medium,acceptable,0.0236
613,Animalia,Chordata,Aves,Gruiformes,Rallidae,Fulica,atra,Coot,734.3,20.6,wild,medium,acceptable,2.039
1547,Animalia,Chordata,Mammalia,Afrosoricida,Tenrecidae,Setifer,setosus,Greater hedgehog tenrec,225,14.1,captivity,medium,acceptable,0.573
2263,Animalia,Chordata,Mammalia,Peramelemorphia,Peramelidae,Isoodon,auratus,Golden bandicoot,485,6.7,captivity,tiny,acceptable,0.837
471,Animalia,Chordata,Aves,Charadriiformes,Scolopacidae,Scolopax,rusticola,Eurasian woodcock,308.3,15.5,wild,medium,acceptable,2.16
2898,Animalia,Chordata,Reptilia,Rhynchocephalia,Sphenodontidae,Sphenodon,punctatus,Tuatara,430,90,captivity,medium,acceptable,0.0605
403,Animalia,Chordata,Aves,Charadriiformes,Laridae,Larus,canus,Mew gull,430.6,33.7,wild,medium,acceptable,2.257
2500,Animalia,Chordata,Mammalia,Rodentia,Chinchillidae,Chinchilla,lanigera,Long-tailed chinchilla,642.5,17.2,captivity,large,acceptable,1.31
2120,Animalia,Chordata,Mammalia,Dasyuromorphia,Myrmecobiidae,Myrmecobius,fasciatus,Numbat,471.5,11,captivity,small,acceptable,0.907
404,Animalia,Chordata,Aves,Charadriiformes,Laridae,Larus,delawarensis,Ring-billed gull,518.5,31.8,wild,medium,acceptable,2.91742
2796,Animalia,Chordata,Mammalia,Rodentia,Sciuridae,Sciurus,carolinensis,Eastern gray squirrel,533,23.6,captivity,small,acceptable,2.062
513,Animalia,Chordata,Aves,Columbiformes,Columbidae,Leucosarcia,melanoleuca,Wonga pigeon,429,16.3,captivity,tiny,acceptable,1.695
251,Animalia,Chordata,Aves,Anseriformes,Anatidae,Aix,sponsa,Wood duck,452.8,22.5,wild,large,acceptable,2.247
385,Animalia,Chordata,Aves,Charadriiformes,Haematopodidae,Haematopus,ostralegus,Eurasian oystercatcher,480,43.3,wild,medium,acceptable,2.91
2214,Animalia,Chordata,Mammalia,Erinaceomorpha,Erinaceidae,Atelerix,albiventris,Four-toed hedgehog,500,11.4,captivity,large,high,0.828
2222,Animalia,Chordata,Mammalia,Erinaceomorpha,Erinaceidae,Paraechinus,aethiopicus,Desert hedgehog,188,6.3,captivity,small,acceptable,0.63
3200,Animalia,Chordata,Reptilia,Squamata,Scincidae,Tiliqua,scincoides,Australian blue-tongued lizard,493,26.6,captivity,large,acceptable,0.2127
2601,Animalia,Chordata,Mammalia,Rodentia,Echimyidae,Proechimys,semispinosus,Spiny rat,500,5.8,captivity,small,acceptable,1.75
588,Animalia,Chordata,Aves,Galliformes,Phasianidae,Perdix,perdix,Grey partridge,492,5.2,wild,medium,acceptable,2.1783
677,Animalia,Chordata,Aves,Passeriformes,Corvidae,Corvus,corone,Carrion crow,472.7,19.2,wild,medium,acceptable,3.3531
1798,Animalia,Chordata,Mammalia,Carnivora,Herpestidae,Galerella,sanguinea,Slender mongoose,500,12.6,captivity,small,acceptable,2.202
2011,Animalia,Chordata,Mammalia,Chiroptera,Pteropodidae,Pteropus,hypomelanus,Variable flying fox,450,20.3,captivity,medium,acceptable,1.618
2827,Animalia,Chordata,Mammalia,Rodentia,Sciuridae,Xerus,inauris,South African ground squirrel,588,11.5,captivity,small,acceptable,1.775
256,Animalia,Chordata,Aves,Anseriformes,Anatidae,Anas,clypeata,Northern shoveler,613,22.6,wild,medium,acceptable,3.9209
2010,Animalia,Chordata,Mammalia,Chiroptera,Pteropodidae,Pteropus,giganteus,Indian flying fox,1175,40,captivity,large,high,1.622
582,Animalia,Chordata,Aves,Galliformes,Phasianidae,Lagopus,lagopus,Willow ptarmigan,595.875,9,wild,small,acceptable,2.872
1357,Animalia,Chordata,Aves,Strigiformes,Strigidae,Strix,occidentalis,Spotted owl,588.7,25,captivity,small,acceptable,2.675
2095,Animalia,Chordata,Mammalia,Dasyuromorphia,Dasyuridae,Dasyurus,hallucatus,Northern quoll,525,5.9,captivity,small,acceptable,1.501
2015,Animalia,Chordata,Mammalia,Chiroptera,Pteropodidae,Pteropus,poliocephalus,Gray-headed flying fox,675,23.6,captivity,medium,acceptable,1.768
1045,Animalia,Chordata,Aves,Pelecaniformes,Ardeidae,Botaurus,lentiginosus,American bittern,706,8.3,wild,small,acceptable,2.7412
2786,Animalia,Chordata,Mammalia,Rodentia,Sciuridae,Poliocitellus,franklinii,Franklin's ground squirrel,459,7.2,captivity,small,acceptable,2.19
1803,Animalia,Chordata,Mammalia,Carnivora,Herpestidae,Herpestes,javanicus,Javan mongoose,800,16.6,captivity,small,acceptable,2.248
1819,Animalia,Chordata,Mammalia,Carnivora,Mephitidae,Spilogale,putorius,Eastern spotted skunk,600,10.5,captivity,small,acceptable,1.674
2493,Animalia,Chordata,Mammalia,Rodentia,Caviidae,Cavia,porcellus,Guinea pig,728,12,captivity,large,high,2.13
679,Animalia,Chordata,Aves,Passeriformes,Corvidae,Corvus,cryptoleucus,Chihuahuan raven,534,21.8,wild,small,acceptable,3.86705
570,Animalia,Chordata,Aves,Galliformes,Phasianidae,Bonasa,umbellus,Ruffed grouse,532,11,unknown,medium,acceptable,2.3894
2268,Animalia,Chordata,Mammalia,Peramelemorphia,Peramelidae,Perameles,nasuta,Long-nosed bandicoot,859,5.6,captivity,small,acceptable,1.763
1548,Animalia,Chordata,Mammalia,Afrosoricida,Tenrecidae,Tenrec,ecaudatus,Tenrec,900,8.7,captivity,small,acceptable,0.729
240,Animalia,Chordata,Aves,Accipitriformes,Accipitridae,Pernis,apivorus,Western honey-buzzard,758,29,wild,medium,acceptable,2.36428
207,Animalia,Chordata,Aves,Accipitriformes,Accipitridae,Buteo,lineatus,Red-shouldered hawk,607,22.4,wild,medium,acceptable,2.11
1854,Animalia,Chordata,Mammalia,Carnivora,Mustelidae,Neovison,vison,American mink,925,11.4,captivity,small,acceptable,2.722
2237,Animalia,Chordata,Mammalia,Lagomorpha,Leporidae,Sylvilagus,audubonii,Audubon's cottontail rabbit,900,7.8,captivity,small,acceptable,2.506
2267,Animalia,Chordata,Mammalia,Peramelemorphia,Peramelidae,Perameles,gunnii,Eastern barred bandicoot,766,6.1,captivity,medium,acceptable,1.902
2265,Animalia,Chordata,Mammalia,Peramelemorphia,Peramelidae,Isoodon,obesulus,Southern brown bandicoot,700,6.5,captivity,small,acceptable,1.238
262,Animalia,Chordata,Aves,Anseriformes,Anatidae,Anas,penelope,Eurasian wigeon,660,35.2,wild,medium,acceptable,2.8538
2141,Animalia,Chordata,Mammalia,Didelphimorphia,Didelphidae,Philander,opossum,Gray four-eyed opossum,450,4.4,captivity,small,acceptable,1.886
412,Animalia,Chordata,Aves,Charadriiformes,Laridae,Larus,occidentalis,Western gull,931.5,33.9,wild,medium,acceptable,3.43629
1212,Animalia,Chordata,Aves,Psittaciformes,Psittacidae,Cacatua,galerita,Sulphur-crested cockatoo,800,57,captivity,large,acceptable,3.419
2499,Animalia,Chordata,Mammalia,Rodentia,Caviidae,Kerodon,rupestris,Rock cavy,950,12.9,captivity,medium,acceptable,2.011
2131,Animalia,Chordata,Mammalia,Didelphimorphia,Didelphidae,Lutreolina,crassicaudata,Lutrine opossum,370,2.9,captivity,small,acceptable,2.265
2219,Animalia,Chordata,Mammalia,Erinaceomorpha,Erinaceidae,Erinaceus,concolor,Eastern European hedgehog,719,7,captivity,tiny,acceptable,1.937
2343,Animalia,Chordata,Mammalia,Primates,Cebidae,Saimiri,sciureus,South American squirrel monkey,925,30.2,captivity,large,high,4.429
1810,Animalia,Chordata,Mammalia,Carnivora,Herpestidae,Suricata,suricatta,Meerkat,776,20.6,captivity,large,high,1.729
2209,Animalia,Chordata,Mammalia,Diprotodontia,Pseudocheiridae,Pseudocheirus,peregrinus,Ring-tailed possum,850,10.1,captivity,medium,acceptable,2.27
2262,Animalia,Chordata,Mammalia,Peramelemorphia,Peramelidae,Echymipera,rufescens,Long-nosed echymipera,1250,3.1,captivity,small,acceptable,2.255
2674,Animalia,Chordata,Mammalia,Rodentia,Muridae,Hydromys,chrysogaster,Golden-bellied water rat,850,7.3,captivity,medium,acceptable,2.97
265,Animalia,Chordata,Aves,Anseriformes,Anatidae,Anas,rubripes,American black duck,998.7,26.6,wild,large,acceptable,3.6076
2584,Animalia,Chordata,Mammalia,Rodentia,Dasyproctidae,Myoprocta,acouchy,Red acouchi,775,14.8,captivity,small,acceptable,2.804
2300,Animalia,Chordata,Mammalia,Primates,Aotidae,Aotus,trivirgatus,Northern night monkey,800,30.1,captivity,medium,acceptable,2.499
1838,Animalia,Chordata,Mammalia,Carnivora,Mustelidae,Martes,martes,European pine marten,1300,18.2,captivity,small,acceptable,4
2125,Animalia,Chordata,Mammalia,Didelphimorphia,Didelphidae,Chironectes,minimus,Water opossum (yapok),700,3.1,captivity,small,acceptable,2.793
2097,Animalia,Chordata,Mammalia,Dasyuromorphia,Dasyuridae,Dasyurus,viverrinus,Eastern quoll,1090,6.8,captivity,small,acceptable,2.26
366,Animalia,Chordata,Aves,Charadriiformes,Alcidae,Uria,aalge,Common murre,992,42.8,wild,large,acceptable,6.8224
1835,Animalia,Chordata,Mammalia,Carnivora,Mustelidae,Martes,americana,American marten,884,17.8,captivity,tiny,acceptable,3.579
2458,Animalia,Chordata,Mammalia,Primates,Lorisidae,Perodicticus,potto,Potto,919.9,32.4,captivity,small,acceptable,1.942
367,Animalia,Chordata,Aves,Charadriiformes,Alcidae,Uria,lomvia,Thick-billed murre,964,29,wild,medium,acceptable,6.8224
2419,Animalia,Chordata,Mammalia,Primates,Galagidae,Otolemur,crassicaudatus,Greater galago,1094.5,22.7,captivity,medium,acceptable,2.595
400,Animalia,Chordata,Aves,Charadriiformes,Laridae,Larus,argentatus,Herring gull,1094,49,unknown,medium,acceptable,4.817
1774,Animalia,Chordata,Mammalia,Carnivora,Felidae,Leptailurus,serval,Serval,13350,22.4,captivity,large,high,1.44
2203,Animalia,Chordata,Mammalia,Diprotodontia,Potoroidae,Bettongia,penicillata,Woylie,1500,18.8,captivity,medium,acceptable,3.132
263,Animalia,Chordata,Aves,Anseriformes,Anatidae,Anas,platyrhynchos,Mallard,1048.1,29.1,unknown,medium,acceptable,4.068
2020,Animalia,Chordata,Mammalia,Chiroptera,Pteropodidae,Pteropus,vampyrus,Large flying fox,872,20.9,captivity,medium,acceptable,4.486
2257,Animalia,Chordata,Mammalia,Monotremata,Ornithorhynchidae,Ornithorhynchus,anatinus,Duck-billed platypus,1250,22.6,captivity,small,acceptable,1.931
1363,Animalia,Chordata,Aves,Suliformes,Anhingidae,Anhinga,anhinga,Anhinga,1080,16.4,captivity,tiny,acceptable,3.2258
2206,Animalia,Chordata,Mammalia,Diprotodontia,Potoroidae,Potorous,tridactylus,Long-nosed potoroo,1430,14.5,captivity,medium,acceptable,2.556
2877,Animalia,Chordata,Reptilia,Crocodilia,Alligatoridae,Alligator,mississippiensis,American alligator,150000,77,captivity,large,high,0.1539
2073,Animalia,Chordata,Mammalia,Cingulata,Dasypodidae,Chaetophractus,vellerosus,Screaming hairy armadillo,840,16.2,captivity,small,acceptable,1.707
2759,Animalia,Chordata,Mammalia,Rodentia,Sciuridae,Cynomys,ludovicianus,Black-tailed prairie dog,1125,11,captivity,large,high,2.358
2456,Animalia,Chordata,Mammalia,Primates,Lorisidae,Nycticebus,coucang,Slow loris,890.5,25.8,captivity,medium,acceptable,1.504
577,Animalia,Chordata,Aves,Galliformes,Phasianidae,Dendragapus,obscurus,Blue grouse,1058.5,14,wild,medium,acceptable,4.957
1754,Animalia,Chordata,Mammalia,Carnivora,Canidae,Vulpes,zerda,Fennec,1250,16.3,captivity,medium,acceptable,2.693
1898,Animalia,Chordata,Mammalia,Carnivora,Procyonidae,Procyon,cancrivorus,Crab-eating raccoon,6270,19,captivity,small,acceptable,2.588
2080,Animalia,Chordata,Mammalia,Cingulata,Dasypodidae,Tolypeutes,matacus,Southern three-banded armadillo,1500,36.8,captivity,small,acceptable,1.172
675,Animalia,Chordata,Aves,Passeriformes,Corvidae,Corvus,corax,Common raven,1041.2,69,captivity,medium,acceptable,5.5656
2220,Animalia,Chordata,Mammalia,Erinaceomorpha,Erinaceidae,Erinaceus,europaeus,Western European hedgehog,750,11.7,captivity,medium,acceptable,2.434
2128,Animalia,Chordata,Mammalia,Didelphimorphia,Didelphidae,Didelphis,marsupialis,Southern opossum,1530,4.2,captivity,small,acceptable,3.31
2270,Animalia,Chordata,Mammalia,Peramelemorphia,Thylacomyidae,Macrotis,lagotis,Rabbit-bandicoot or bilby,1300,9.6,captivity,medium,acceptable,2.4
1894,Animalia,Chordata,Mammalia,Carnivora,Procyonidae,Bassariscus,sumichrasti,Cacomistle,900,24,captivity,small,acceptable,3.537
1377,Animalia,Chordata,Aves,Suliformes,Sulidae,Sula,dactylatra,Masked booby,1739.2,25.5,wild,large,acceptable,5.5209
2420,Animalia,Chordata,Mammalia,Primates,Galagidae,Otolemur,garnettii,Small-eared galago,1300,20,captivity,medium,acceptable,3.927
2094,Animalia,Chordata,Mammalia,Dasyuromorphia,Dasyuridae,Dasyurus,geoffroii,Western quoll,890,6.2,captivity,small,acceptable,2.991
1370,Animalia,Chordata,Aves,Suliformes,Phalacrocoracidae,Phalacrocorax,auritus,Double-crested cormorant,1817,22.5,wild,large,acceptable,5.6096
1347,Animalia,Chordata,Aves,Strigiformes,Strigidae,Bubo,virginianus,Great horned owl,1191.2,29,wild,medium,acceptable,5.2442
2264,Animalia,Chordata,Mammalia,Peramelemorphia,Peramelidae,Isoodon,macrourus,Northern brown bandicoot,1600,6.8,captivity,small,acceptable,3.202
1720,Animalia,Chordata,Mammalia,Artiodactyla,Tragulidae,Tragulus,javanicus,Lesser mouse-deer,2850,14,captivity,medium,acceptable,4.883
2733,Animalia,Chordata,Mammalia,Rodentia,Nesomyidae,Cricetomys,gambianus,Gambian rat,1500,8.4,captivity,small,acceptable,6.024
1918,Animalia,Chordata,Mammalia,Carnivora,Viverridae,Genetta,tigrina,Large-spotted genet,1820,21.3,captivity,small,acceptable,4.189
2082,Animalia,Chordata,Mammalia,Cingulata,Dasypodidae,Zaedyus,pichiy,Pichi,1500,12.5,captivity,small,acceptable,2.192
1749,Animalia,Chordata,Mammalia,Carnivora,Canidae,Vulpes,macrotis,Kit fox,2500,15.8,captivity,small,acceptable,4.928
1752,Animalia,Chordata,Mammalia,Carnivora,Canidae,Vulpes,velox,Swift fox,2400,15.9,captivity,medium,acceptable,4.948
2096,Animalia,Chordata,Mammalia,Dasyuromorphia,Dasyuridae,Dasyurus,maculatus,Australian tiger cat,5500,6.8,captivity,small,acceptable,3.142
2197,Animalia,Chordata,Mammalia,Diprotodontia,Phalangeridae,Trichosurus,vulpecula,Brush-tailed possum,2395,15.9,captivity,medium,acceptable,3.8
1909,Animalia,Chordata,Mammalia,Carnivora,Viverridae,Arctogalidia,trivirgata,Small-toothed palm civet,2250,16.1,captivity,small,acceptable,3.085
1346,Animalia,Chordata,Aves,Strigiformes,Strigidae,Bubo,scandiacus,Snowy owl,2042.5,28,captivity,small,acceptable,4.2244
2236,Animalia,Chordata,Mammalia,Lagomorpha,Leporidae,Oryctolagus,cuniculus,European rabbit,1800,9,unknown,large,questionable,7.395
1756,Animalia,Chordata,Mammalia,Carnivora,Eupleridae,Fossa,fossana,Malagasy civet,1540,21.4,captivity,small,acceptable,5.02262
2231,Animalia,Chordata,Mammalia,Lagomorpha,Leporidae,Lepus,californicus,Black-tailed jackrabbit,4175,11.8,captivity,tiny,acceptable,7.314
2743,Animalia,Chordata,Mammalia,Rodentia,Pedetidae,Pedetes,capensis,Springhare,3500,20,captivity,small,acceptable,4.427
1897,Animalia,Chordata,Mammalia,Carnivora,Procyonidae,Potos,flavus,Kinkajou,3000,38.4,captivity,medium,acceptable,4.294
2442,Animalia,Chordata,Mammalia,Primates,Lemuridae,Eulemur,fulvus,Brown lemur,2485,35.5,captivity,medium,acceptable,4.239
338,Animalia,Chordata,Aves,Apterygiformes,Apterygidae,Apteryx,australis,Brown kiwi,2600,35,captivity,small,acceptable,4.029
2487,Animalia,Chordata,Mammalia,Rodentia,Capromyidae,Geocapromys,brownii,Brown's hutia,1500,13.5,captivity,small,acceptable,4.11
2226,Animalia,Chordata,Mammalia,Hyracoidea,Procaviidae,Procavia,capensis,Rock hyrax,3600,14.8,captivity,medium,acceptable,4.954
1128,Animalia,Chordata,Aves,Procellariiformes,Diomedeidae,Phoebastria,immutabilis,Laysan albatross,3150,65,wild,large,acceptable,7.462
2486,Animalia,Chordata,Mammalia,Rodentia,Capromyidae,Capromys,pilorides,Desmarest's hutia,4683.3,13.8,captivity,small,acceptable,3.375
2776,Animalia,Chordata,Mammalia,Rodentia,Sciuridae,Marmota,monax,Woodchuck,4000,14,captivity,medium,acceptable,3.696
2157,Animalia,Chordata,Mammalia,Diprotodontia,Macropodidae,Lagorchestes,conspicillatus,Spectacled hare-wallaby,3000,8.8,captivity,small,acceptable,4.749
2579,Animalia,Chordata,Mammalia,Rodentia,Dasyproctidae,Dasyprocta,leporina,Agouti,3265,17.8,captivity,large,high,8.694
2180,Animalia,Chordata,Mammalia,Diprotodontia,Macropodidae,Setonix,brachyurus,Quokka,3500,13.8,captivity,small,acceptable,4.695
581,Animalia,Chordata,Aves,Galliformes,Phasianidae,Gallus,gallus,Red junglefowl,779.8,30,captivity,large,acceptable,6.005
2200,Animalia,Chordata,Mammalia,Diprotodontia,Potoroidae,Aepyprymnus,rufescens,Rufous 'rat'-kangaroo,3250,12.8,captivity,tiny,acceptable,5.978
2129,Animalia,Chordata,Mammalia,Didelphimorphia,Didelphidae,Didelphis,virginiana,Virginia opossum,3000,6.6,captivity,medium,acceptable,5.299
222,Animalia,Chordata,Aves,Accipitriformes,Accipitridae,Geranoaetus,melanoleucus,Black-chested buzzard-eagle,2447.5,42,captivity,medium,acceptable,5.1887
2258,Animalia,Chordata,Mammalia,Monotremata,Tachyglossidae,Tachyglossus,aculeatus,Short-beaked echidna,3500,49.5,captivity,medium,acceptable,2.327
1823,Animalia,Chordata,Mammalia,Carnivora,Mustelidae,Eira,barbara,Tayra,4500,22.3,captivity,medium,acceptable,6.811
197,Animalia,Chordata,Aves,Accipitriformes,Accipitridae,Aquila,chrysaetos,Golden eagle,4800,48,captivity,medium,acceptable,4.9929
2369,Animalia,Chordata,Mammalia,Primates,Cercopithecidae,Erythrocebus,patas,Patas monkey,7750,28.3,captivity,medium,acceptable,5.958
2234,Animalia,Chordata,Mammalia,Lagomorpha,Leporidae,Lepus,timidus,Mountain hare,4175,18,wild,medium,acceptable,8.443
2603,Animalia,Chordata,Mammalia,Rodentia,Erethizontidae,Coendou,prehensilis,Prehensile-tailed porcupine,3900,26.6,captivity,medium,acceptable,5.123
1921,Animalia,Chordata,Mammalia,Carnivora,Viverridae,Paradoxurus,hermaphroditus,Asian palm civet,3100,24.5,captivity,tiny,acceptable,5.534
2440,Animalia,Chordata,Mammalia,Primates,Indriidae,Propithecus,verreauxi,Verreaux's sifaka,5000,31,wild,medium,acceptable,3.738
2076,Animalia,Chordata,Mammalia,Cingulata,Dasypodidae,Dasypus,novemcinctus,Nine-banded armadillo,5500,22.3,captivity,medium,acceptable,4.655
2296,Animalia,Chordata,Mammalia,Pilosa,Myrmecophagidae,Tamandua,tetradactyla,Southern tamandua,4500,19,captivity,medium,acceptable,5.015
2927,Animalia,Chordata,Reptilia,Squamata,Boidae,Boa,constrictor,Boa constrictor,3532,40.4,captivity,large,acceptable,0.3589
1748,Animalia,Chordata,Mammalia,Carnivora,Canidae,Vulpes,lagopus,Arctic fox,5200,16.3,captivity,medium,acceptable,7.665
1773,Animalia,Chordata,Mammalia,Carnivora,Felidae,Leopardus,wiedii,Margay,3666.7,24,captivity,medium,acceptable,5.227
1895,Animalia,Chordata,Mammalia,Carnivora,Procyonidae,Nasua,narica,White-nosed coati,3750,26.4,captivity,medium,acceptable,6.733
1132,Animalia,Chordata,Aves,Procellariiformes,Diomedeidae,Thalassarche,chrysostoma,Grey-headed albatross,3753,47.2,wild,medium,acceptable,8.5312
2576,Animalia,Chordata,Mammalia,Rodentia,Dasyproctidae,Dasyprocta,azarae,Azara's agouti,2650,11.8,captivity,medium,acceptable,10.521
2295,Animalia,Chordata,Mammalia,Pilosa,Myrmecophagidae,Tamandua,mexicana,Northern tamandua,4500,16,captivity,tiny,acceptable,5.124
1896,Animalia,Chordata,Mammalia,Carnivora,Procyonidae,Nasua,nasua,South american coati,4750,23.7,captivity,large,high,5.591
2293,Animalia,Chordata,Mammalia,Pilosa,Megalonychidae,Choloepus,hoffmanni,Hoffmann's two-toed sloth,6250,41,captivity,medium,acceptable,3.891
592,Animalia,Chordata,Aves,Galliformes,Phasianidae,Tetrao,urogallus,Western capercaillie,2950,18,captivity,medium,acceptable,11.816
1636,Animalia,Chordata,Mammalia,Artiodactyla,Bovidae,Philantomba,monticola,Blue duiker,6250,15.9,captivity,medium,acceptable,10.075
2194,Animalia,Chordata,Mammalia,Diprotodontia,Phalangeridae,Spilocuscus,maculatus,Spotted cuscus,3500,17,captivity,tiny,acceptable,6.27
1859,Animalia,Chordata,Mammalia,Carnivora,Nandiniidae,Nandinia,binotata,African palm civet,1900,21,captivity,tiny,acceptable,5.565
1614,Animalia,Chordata,Mammalia,Artiodactyla,Bovidae,Madoqua,kirkii,Kirk's dik-dik,5000,17.3,captivity,medium,acceptable,11.966
2774,Animalia,Chordata,Mammalia,Rodentia,Sciuridae,Marmota,flaviventris,Yellow-bellied marmot,3500,21.2,captivity,tiny,acceptable,8.626
2074,Animalia,Chordata,Mammalia,Cingulata,Dasypodidae,Chaetophractus,villosus,Large hairy armadillo,3000,25.2,captivity,medium,acceptable,4.508
1753,Animalia,Chordata,Mammalia,Carnivora,Canidae,Vulpes,vulpes,Red fox,4131.7,21.3,captivity,medium,acceptable,13.731
2304,Animalia,Chordata,Mammalia,Primates,Atelidae,Alouatta,palliata,Mantled howler monkey,7000,24,captivity,small,acceptable,11.464
2199,Animalia,Chordata,Mammalia,Diprotodontia,Phascolarctidae,Phascolarctos,cinereus,Koala,9300,22.1,captivity,large,high,5.744
2164,Animalia,Chordata,Mammalia,Diprotodontia,Macropodidae,Macropus,eugenii,Tammar wallaby,6500,15.1,captivity,medium,acceptable,7.78
1899,Animalia,Chordata,Mammalia,Carnivora,Procyonidae,Procyon,lotor,Common raccoon,6000,21,captivity,large,acceptable,10.428
1730,Animalia,Chordata,Mammalia,Carnivora,Canidae,Cerdocyon,thous,Crab-eating fox,6500,12.7,captivity,small,acceptable,8.502
1722,Animalia,Chordata,Mammalia,Carnivora,Ailuridae,Ailurus,fulgens,Red panda,4325,19,captivity,large,high,4.898
2111,Animalia,Chordata,Mammalia,Dasyuromorphia,Dasyuridae,Sarcophilus,harrisii,Tasmanian devil,6500,13,captivity,medium,acceptable,8.664
2503,Animalia,Chordata,Mammalia,Rodentia,Chinchillidae,Lagostomus,maximus,Plains viscacha,6000,10.8,captivity,medium,acceptable,10.623
2604,Animalia,Chordata,Mammalia,Rodentia,Erethizontidae,Erethizon,dorsatus,North American porcupine,8600,23.4,captivity,medium,acceptable,13.675
2152,Animalia,Chordata,Mammalia,Diprotodontia,Macropodidae,Dendrolagus,matschiei,Matschie's tree kangaroo,7200,26.9,captivity,medium,acceptable,7.96
1729,Animalia,Chordata,Mammalia,Carnivora,Canidae,Canis,mesomelas,Black-backed jackal,10250,16.7,captivity,medium,acceptable,21.533
1814,Animalia,Chordata,Mammalia,Carnivora,Hyaenidae,Proteles,cristata,Aardwolf,10000,20,captivity,small,acceptable,11.563
1126,Animalia,Chordata,Aves,Procellariiformes,Diomedeidae,Diomedea,exulans,Wandering albatross,7046.7,50,wild,medium,acceptable,20.3649
2078,Animalia,Chordata,Mammalia,Cingulata,Dasypodidae,Euphractus,sexcinctus,Six-banded armadillo,4850,22.1,captivity,medium,acceptable,6.901
1791,Animalia,Chordata,Mammalia,Carnivora,Felidae,Puma,yagouaroundi,Jaguarundi,7000,18.6,captivity,small,acceptable,9.69
2358,Animalia,Chordata,Mammalia,Primates,Cercopithecidae,Cercopithecus,mitis,Blue monkey,9000,37.8,captivity,medium,acceptable,19.276
1738,Animalia,Chordata,Mammalia,Carnivora,Canidae,Lycaon,pictus,African wild dog,26500,17,captivity,large,high,33.01
1857,Animalia,Chordata,Mammalia,Carnivora,Mustelidae,Taxidea,taxus,American badger,8000,25,captivity,small,acceptable,15.062
2574,Animalia,Chordata,Mammalia,Rodentia,Cuniculidae,Cuniculus,paca,Lowland paca,9000,16.3,captivity,small,acceptable,15.323
1778,Animalia,Chordata,Mammalia,Carnivora,Felidae,Lynx,rufus,Bobcat,8600,32.3,captivity,medium,acceptable,23.446
1639,Animalia,Chordata,Mammalia,Artiodactyla,Bovidae,Raphicerus,campestris,Steenbok,13000,9.3,captivity,medium,acceptable,20.619
1833,Animalia,Chordata,Mammalia,Carnivora,Mustelidae,Lutra,lutra,European otter,6750,18.2,captivity,medium,acceptable,25.104
1727,Animalia,Chordata,Mammalia,Carnivora,Canidae,Canis,latrans,Coyote,13250,21.8,captivity,medium,acceptable,19.423
1771,Animalia,Chordata,Mammalia,Carnivora,Felidae,Leopardus,pardalis,Ocelot,8800,28.2,captivity,medium,acceptable,17.368
2367,Animalia,Chordata,Mammalia,Primates,Cercopithecidae,Colobus,guereza,Guereza,9950,35,captivity,large,high,17.037
1842,Animalia,Chordata,Mammalia,Carnivora,Mustelidae,Meles,meles,Old World badger,13000,18.6,captivity,medium,acceptable,16.647
2641,Animalia,Chordata,Mammalia,Rodentia,Hystricidae,Hystrix,africaeaustralis,Cape porcupine,24000,23.1,captivity,medium,acceptable,13.175
2259,Animalia,Chordata,Mammalia,Monotremata,Tachyglossidae,Zaglossus,bruijni,Long-nosed echidna,7500,41.2,captivity,tiny,acceptable,6.493
3176,Animalia,Chordata,Reptilia,Squamata,Pythonidae,Python,molurus,Indian python,12370,34.2,captivity,large,acceptable,1.2661
2390,Animalia,Chordata,Mammalia,Primates,Cercopithecidae,Papio,hamadryas,Hamadryas baboon,18000,37.5,captivity,large,high,21.095
1827,Animalia,Chordata,Mammalia,Carnivora,Mustelidae,Gulo,gulo,Wolverine,16333.3,19.5,captivity,medium,acceptable,31.765
1333,Animalia,Chordata,Aves,Sphenisciformes,Spheniscidae,Aptenodytes,patagonicus,King penguin,13036.8,26,captivity,large,acceptable,25.889
1908,Animalia,Chordata,Mammalia,Carnivora,Viverridae,Arctictis,binturong,Binturong,12250,27,captivity,medium,acceptable,12.747
1716,Animalia,Chordata,Mammalia,Artiodactyla,Tayassuidae,Pecari,tajacu,Collared peccary,20200,31.5,captivity,large,high,33.165
1671,Animalia,Chordata,Mammalia,Artiodactyla,Cervidae,Capreolus,capreolus,Western roe deer,21666.7,17.5,captivity,medium,acceptable,46.347
2498,Animalia,Chordata,Mammalia,Rodentia,Caviidae,Hydrochoerus,hydrochaeris,Capybara,55000,15.1,captivity,large,high,36.754
1824,Animalia,Chordata,Mammalia,Carnivora,Mustelidae,Enhydra,lutris,Sea otter,25850,27,captivity,medium,acceptable,98.479
2212,Animalia,Chordata,Mammalia,Diprotodontia,Vombatidae,Lasiorhinus,latifrons,Southern hairy-nosed wombat,25500,29.9,captivity,medium,acceptable,16.001
1887,Animalia,Chordata,Mammalia,Carnivora,Phocidae,Phoca,vitulina,Harbor seal,115000,47.6,captivity,medium,acceptable,73.29
1969,Animalia,Chordata,Mammalia,Cetacea,Phocoenidae,Phocoena,phocoena,Harbor porpoise,52500,20.4,captivity,small,acceptable,107.675
2171,Animalia,Chordata,Mammalia,Diprotodontia,Macropodidae,Macropus,rufus,Red kangaroo,55000,25,captivity,large,high,31.353
2169,Animalia,Chordata,Mammalia,Diprotodontia,Macropodidae,Macropus,robustus,Wallaroo,30000,22,captivity,medium,acceptable,33.056
2294,Animalia,Chordata,Mammalia,Pilosa,Myrmecophagidae,Myrmecophaga,tridactyla,Giant anteater,28500,31,captivity,medium,acceptable,14.543
1623,Animalia,Chordata,Mammalia,Artiodactyla,Bovidae,Oreamnos,americanus,Mountain goat,90000,20.8,captivity,small,acceptable,46.414
3178,Animalia,Chordata,Reptilia,Squamata,Pythonidae,Python,reticulatus,Reticulated python,32000,29.4,captivity,medium,acceptable,2.7349
1813,Animalia,Chordata,Mammalia,Carnivora,Hyaenidae,Hyaena,hyaena,Striped hyena,40000,25,captivity,medium,acceptable,31.954
1549,Animalia,Chordata,Mammalia,Artiodactyla,Antilocapridae,Antilocapra,americana,Pronghorn,46100,15.5,captivity,medium,acceptable,50.973
1790,Animalia,Chordata,Mammalia,Carnivora,Felidae,Puma,concolor,Cougar,63000,23.8,captivity,large,acceptable,49.326
1759,Animalia,Chordata,Mammalia,Carnivora,Felidae,Acinonyx,jubatus,Cheetah,53500,20.5,captivity,large,high,61.77
2079,Animalia,Chordata,Mammalia,Cingulata,Dasypodidae,Priodontes,maximus,Giant armadillo,33000,15,captivity,small,acceptable,16.892
2875,Animalia,Chordata,Mammalia,Tubulidentata,Orycteropodidae,Orycteropus,afer,Aardvark,60000,29.8,captivity,medium,acceptable,34.275
1781,Animalia,Chordata,Mammalia,Carnivora,Felidae,Panthera,onca,Jaguar,81150,28,captivity,large,high,62.419
1688,Animalia,Chordata,Mammalia,Artiodactyla,Cervidae,Odocoileus,virginianus,White-tailed deer,87000,23,captivity,large,high,123.447
1902,Animalia,Chordata,Mammalia,Carnivora,Ursidae,Melursus,ursinus,Sloth bear,100000,33.3,captivity,medium,acceptable,47.064
1673,Animalia,Chordata,Mammalia,Artiodactyla,Cervidae,Cervus,elaphus,Red deer,200000,31.5,captivity,large,high,112.43
1632,Animalia,Chordata,Mammalia,Artiodactyla,Bovidae,Ovis,canadensis,Bighorn sheep,70275,20.6,captivity,medium,acceptable,114.674
2424,Animalia,Chordata,Mammalia,Primates,Hominidae,Homo,sapiens,Human,62035,122.5,captivity,huge,high,82.78
1692,Animalia,Chordata,Mammalia,Artiodactyla,Cervidae,Rangifer,tarandus,Caribou and reindeer,101250,21.8,captivity,large,high,119.66
1780,Animalia,Chordata,Mammalia,Carnivora,Felidae,Panthera,leo,Lion,175000,27,captivity,large,high,94.58
1362,Animalia,Chordata,Aves,Struthioniformes,Struthionidae,Struthio,camelus,Ostrich,111000,50,captivity,large,acceptable,69.6339
1608,Animalia,Chordata,Mammalia,Artiodactyla,Bovidae,Kobus,ellipsiprymnus,Waterbuck,175333,30,captivity,large,high,148.949
1660,Animalia,Chordata,Mammalia,Artiodactyla,Camelidae,Lama,glama,Llama,140000,28.9,captivity,large,high,148.94
1713,Animalia,Chordata,Mammalia,Artiodactyla,Suidae,Sus,scrofa,Wild boar,130000,27,captivity,large,high,104.15
1783,Animalia,Chordata,Mammalia,Carnivora,Felidae,Panthera,tigris,Tiger,119700,26.3,captivity,large,high,133.859
1650,Animalia,Chordata,Mammalia,Artiodactyla,Bovidae,Taurotragus,oryx,Eland,500000,26.1,captivity,large,high,190.209
2840,Animalia,Chordata,Mammalia,Sirenia,Trichechidae,Trichechus,inunguis,Amazonian manatee,480000,40,captivity,small,acceptable,55.015
2271,Animalia,Chordata,Mammalia,Perissodactyla,Equidae,Equus,asinus,African wild ass,164998,47,captivity,large,high,164.92
1591,Animalia,Chordata,Mammalia,Artiodactyla,Bovidae,Connochaetes,taurinus,Blue wildebeest,164500,24.3,captivity,large,high,230.073
1564,Animalia,Chordata,Mammalia,Artiodactyla,Bovidae,Bos,taurus,Domestic cattle,750000,20,captivity,large,questionable,306.77
1659,Animalia,Chordata,Mammalia,Artiodactyla,Camelidae,Camelus,dromedarius,Dromedary,434000,28.4,captivity,medium,acceptable,224.779
2841,Animalia,Chordata,Mammalia,Sirenia,Trichechidae,Trichechus,manatus,West Indian manatee,322000,69,captivity,medium,acceptable,70.0056
2473,Animalia,Chordata,Mammalia,Proboscidea,Elephantidae,Elephas,maximus,Asiatic elephant,3178000,65.5,captivity,large,acceptable,2336.5